Title,Media URL,Pinterest board,Thumbnail,Description,Link,Publish date,Keywords
Free Back to School Math Diagnostic: Day 1 Readiness Check | Grades 6–8 Math,https://www.mathclass678.com/assets/pins/2026-09/free-free-back-to-school-math-diagnostic.jpg,Free Middle School Math Resources | Grades 6-8,,A free back to school math diagnostic for grades 6–8 math (day 1 readiness check). Enter your email on the page and it sends you straight to the free download.,https://www.mathclass678.com/free/free-back-to-school-math-diagnostic.html?utm_source=pinterest&utm_medium=social&utm_campaign=2026-09&utm_content=free-free-back-to-school-math-diagnostic,2026-09-16T10:30:00,"free back to school math diagnostic, grades 6–8 math, free middle school math"
Place Value: 5th Grade Math Vocabulary Definition and Example,https://www.mathclass678.com/assets/pins/2026-09/ww-place-value-grade-5.jpg,5th Grade Math Word Wall | Vocabulary Cards,,"Place Value definition for 5th Grade math (5.NBT.A.1): The value of a digit based on its position in a number. Example: In 3,425.16, the 4 is in the hundreds place, worth 400. Key rule: Each place is ten times the value of the place to its right. The glossary page has more examples, plus the printable 5th Grade word wall.",https://www.mathclass678.com/word-wall/place-value-grade-5.html?utm_source=pinterest&utm_medium=social&utm_campaign=2026-09&utm_content=ww-place-value-grade-5,2026-09-16T20:45:00,"place value definition, 5th grade math vocabulary, math word wall"
Dividing Fractions by Fractions: 6th Grade Math Worked Example (6.NS.A.1),https://www.mathclass678.com/assets/pins/2026-09/std-6-ns-a-1-dividing-fractions-by-fractions-example-1.jpg,6th Grade Number System | 6.NS Math,,"A step-by-step 6th Grade math example for 6.NS.A.1, Dividing Fractions by Fractions. Problem: Find: 2/3 ÷ 5/6. Keep 2/3, change ÷ to ×. Flip 5/6 → reciprocal is 6/5. 2/3 × 6/5 = 12/15. Simplify: 12/15 = 4/5. Answer: 4/5. More worked examples and the common mistakes to watch for are on the page.",https://www.mathclass678.com/standards/6-ns-a-1-dividing-fractions-by-fractions.html?utm_source=pinterest&utm_medium=social&utm_campaign=2026-09&utm_content=std-6-ns-a-1-dividing-fractions-by-fractions-example-1,2026-09-17T02:15:00,"dividing fractions by fractions, 6th grade math, 6.NS.A.1"
Additive Inverse & Opposites Notes and Practice Worksheet | 7th Grade Math 7.NS.A.1a,https://www.mathclass678.com/assets/pins/2026-09/sheet-additive-inverse-opposites-7.jpg,7th Grade Integers and Rational Numbers | 7.NS Math,,"Additive Inverse & Opposites for 7th Grade math (7.NS.A.1a). One 4-in-1 Skill Sheet: a color reference page, guided practice, real-world application and a short assessment. See what is inside on the page.",https://www.mathclass678.com/sheets/additive-inverse-opposites.html?utm_source=pinterest&utm_medium=social&utm_campaign=2026-09&utm_content=sheet-additive-inverse-opposites-7,2026-09-17T10:30:00,"additive inverse & opposites worksheet, 7th grade math, 7.NS.A.1a"
Powers of Ten: 5th Grade Math Vocabulary Definition and Example,https://www.mathclass678.com/assets/pins/2026-09/ww-powers-of-ten-grade-5.jpg,5th Grade Math Word Wall | Vocabulary Cards,,"Powers of Ten definition for 5th Grade math (5.NBT.A.2): A power of ten is 10 multiplied by itself; the exponent tells how many zeros follow the 1. Example: 10^3 = 10 × 10 × 10 = 1,000. Key rule: The exponent on 10 equals the number of zeros in the result. The glossary page has more examples, plus the printable 5th Grade word wall.",https://www.mathclass678.com/word-wall/powers-of-ten-grade-5.html?utm_source=pinterest&utm_medium=social&utm_campaign=2026-09&utm_content=ww-powers-of-ten-grade-5,2026-09-17T20:45:00,"powers of ten definition, 5th grade math vocabulary, math word wall"
Dividing Fractions by Fractions: 2 Mistakes to Head Off in 6th Grade Math (6.NS.A.1),https://www.mathclass678.com/assets/pins/2026-09/std-6-ns-a-1-dividing-fractions-by-fractions-mistakes.jpg,6th Grade Number System | 6.NS Math,,"Two predictable 6th Grade math errors on 6.NS.A.1, Dividing Fractions by Fractions, and how to head them off. First: Always keep the first fraction exactly as written; flip ONLY the divisor (second fraction). Second: Dividing by a fraction less than 1 makes the quotient LARGER — more pieces fit into the dividend. Worked examples are on the page.",https://www.mathclass678.com/standards/6-ns-a-1-dividing-fractions-by-fractions.html?utm_source=pinterest&utm_medium=social&utm_campaign=2026-09&utm_content=std-6-ns-a-1-dividing-fractions-by-fractions-mistakes,2026-09-18T02:15:00,"dividing fractions by fractions common mistakes, 6th grade math, 6.NS.A.1"
Standard Form: 5th Grade Math Vocabulary Definition and Example,https://www.mathclass678.com/assets/pins/2026-09/ww-standard-form-grade-5.jpg,5th Grade Math Word Wall | Vocabulary Cards,,"Standard Form definition for 5th Grade math (5.NBT.A.3a): A number written with digits in the usual way, such as 4,302.5. Example: Four thousand, three hundred two and five tenths written in standard form is 4,302.5. Key rule: Standard form uses digits and place value, not words or expanded sums. The glossary page has more examples, plus the printable 5th Grade word wall.",https://www.mathclass678.com/word-wall/standard-form-grade-5.html?utm_source=pinterest&utm_medium=social&utm_campaign=2026-09&utm_content=ww-standard-form-grade-5,2026-09-18T10:30:00,"standard form definition, 5th grade math vocabulary, math word wall"
Additive Inverse & Opposites: 7th Grade Math Worked Example (7.NS.A.1a),https://www.mathclass678.com/assets/pins/2026-09/std-7-ns-a-1a-additive-inverse-opposites-example-1.jpg,7th Grade Integers and Rational Numbers | 7.NS Math,,"A step-by-step 7th Grade math example for 7.NS.A.1a, Additive Inverse & Opposites. Problem: Find: additive inverse of −7. −7 is 7 units to the left of 0 on the number line. Its opposite is +7 — same distance from 0, opposite side. (−7) + 7 = 0. The additive inverse of −7 is 7. Answer: The additive inverse of −7 is 7. More worked examples and the common mistakes to watch for are on the page.",https://www.mathclass678.com/standards/7-ns-a-1a-additive-inverse-opposites.html?utm_source=pinterest&utm_medium=social&utm_campaign=2026-09&utm_content=std-7-ns-a-1a-additive-inverse-opposites-example-1,2026-09-18T20:45:00,"additive inverse & opposites, 7th grade math, 7.NS.A.1a"
6th Grade Number System Bundle | 4 Notes and Practice Worksheets,https://www.mathclass678.com/assets/pins/2026-09/bundle-6th-grade-number-system.jpg,4-in-1 Skill Sheets | Middle School Math System,,"Greatest common factor, least common multiple, dividing fractions, and multi-digit decimal operations, aligned to 6.NS. This 6th grade Number System bundle gives you four 4-in-1 Skill Sheets that each move from a color reference page through guided practice and real-world application to a built-in exit ticket. Skills: Greatest Common Factor, Least Common Multiple, Dividing Fractions by Fractions, Multi-Digit Operations (Whole + Decimal).",https://www.mathclass678.com/bundles/6th-grade-number-system.html?utm_source=pinterest&utm_medium=social&utm_campaign=2026-09&utm_content=bundle-6th-grade-number-system,2026-09-19T02:15:00,"6th grade number system worksheets, 6th grade math bundle, 4-in-1 skill sheets"
Word Form: 5th Grade Math Vocabulary Definition and Example,https://www.mathclass678.com/assets/pins/2026-09/ww-word-form-grade-5.jpg,5th Grade Math Word Wall | Vocabulary Cards,,"Word Form definition for 5th Grade math (5.NBT.A.3a): A number written out using words instead of digits. Example: 4,302.5 in word form is 'four thousand, three hundred two and five tenths.'. Key rule: The decimal point is read as 'and.'. The glossary page has more examples, plus the printable 5th Grade word wall.",https://www.mathclass678.com/word-wall/word-form-grade-5.html?utm_source=pinterest&utm_medium=social&utm_campaign=2026-09&utm_content=ww-word-form-grade-5,2026-09-19T10:30:00,"word form definition, 5th grade math vocabulary, math word wall"
Dividing Fractions by Fractions Notes and Practice Worksheet | 6th Grade Math 6.NS.A.1,https://www.mathclass678.com/assets/pins/2026-09/sheet-dividing-fractions-by-fractions-6.jpg,6th Grade Number System | 6.NS Math,,"Dividing Fractions by Fractions for 6th Grade math (6.NS.A.1). I can divide fractions by fractions and interpret the quotient in context. One 4-in-1 Skill Sheet: a color reference page, guided practice, real-world application and a short assessment. See what is inside on the page.",https://www.mathclass678.com/sheets/dividing-fractions-by-fractions.html?utm_source=pinterest&utm_medium=social&utm_campaign=2026-09&utm_content=sheet-dividing-fractions-by-fractions-6,2026-09-19T20:45:00,"dividing fractions by fractions worksheet, 6th grade math, 6.NS.A.1"
Expanded Form: 5th Grade Math Vocabulary Definition and Example,https://www.mathclass678.com/assets/pins/2026-09/ww-expanded-form-grade-5.jpg,5th Grade Math Word Wall | Vocabulary Cards,,"Expanded Form definition for 5th Grade math (5.NBT.A.3a): A number written as the sum of the values of its digits. Example: 342.5 = 300 + 40 + 2 + 0.5. Key rule: Each addend shows one digit's true place value. The glossary page has more examples, plus the printable 5th Grade word wall.",https://www.mathclass678.com/word-wall/expanded-form-grade-5.html?utm_source=pinterest&utm_medium=social&utm_campaign=2026-09&utm_content=ww-expanded-form-grade-5,2026-09-20T02:15:00,"expanded form definition, 5th grade math vocabulary, math word wall"
Free SMART Goals Worksheet: Back to School Goal Setting | 6th Grade Math,https://www.mathclass678.com/assets/pins/2026-09/free-6th-grade-math-smart-goals-free.jpg,Free Middle School Math Resources | Grades 6-8,,A free smart goals worksheet for 6th Grade math (back to school goal setting). Enter your email on the page and it sends you straight to the free download.,https://www.mathclass678.com/free/6th-grade-math-smart-goals-free.html?utm_source=pinterest&utm_medium=social&utm_campaign=2026-09&utm_content=free-6th-grade-math-smart-goals-free,2026-09-20T10:30:00,"free smart goals worksheet, 6th grade math, free middle school math"
Decimal: 5th Grade Math Vocabulary Definition and Example,https://www.mathclass678.com/assets/pins/2026-09/ww-decimal-grade-5.jpg,5th Grade Math Word Wall | Vocabulary Cards,,"Decimal definition for 5th Grade math (5.NBT.A.3a): A number with a decimal point that shows parts of a whole, such as tenths and hundredths. Example: 2.75 is a decimal made of 2 wholes and 75 hundredths. Key rule: The decimal point separates whole numbers from parts of a whole. The glossary page has more examples, plus the printable 5th Grade word wall.",https://www.mathclass678.com/word-wall/decimal-grade-5.html?utm_source=pinterest&utm_medium=social&utm_campaign=2026-09&utm_content=ww-decimal-grade-5,2026-09-20T20:45:00,"decimal definition, 5th grade math vocabulary, math word wall"
Exponent Rules: 8th Grade Math Worked Example (8.EE.A.1),https://www.mathclass678.com/assets/pins/2026-09/std-8-ee-a-1-exponent-rules-example-1.jpg,8th Grade Expressions and Equations | 8.EE Math,,"A step-by-step 8th Grade math example for 8.EE.A.1, Exponent Rules. Problem: Simplify n⁵ · n². Same base n; the product rule applies. Add the exponents: 5 + 2 = 7. n⁵ · n² = n⁷. Answer: n⁷. More worked examples and the common mistakes to watch for are on the page.",https://www.mathclass678.com/standards/8-ee-a-1-exponent-rules.html?utm_source=pinterest&utm_medium=social&utm_campaign=2026-09&utm_content=std-8-ee-a-1-exponent-rules-example-1,2026-09-21T02:15:00,"exponent rules, 8th grade math, 8.EE.A.1"
Multi-Digit Operations (Whole + Decimal) Notes and Practice Worksheet | 6th Grade Math 6.NS.B.2+B.3,https://www.mathclass678.com/assets/pins/2026-09/sheet-multi-digit-operations-whole-decimal-6.jpg,6th Grade Number System | 6.NS Math,,"Multi-Digit Operations (Whole + Decimal) for 6th Grade math (6.NS.B.2+B.3). I can fluently divide multi-digit numbers and compute with multi-digit decimals. One 4-in-1 Skill Sheet: a color reference page, guided practice, real-world application and a short assessment. See what is inside on the page.",https://www.mathclass678.com/sheets/multi-digit-operations-whole-decimal.html?utm_source=pinterest&utm_medium=social&utm_campaign=2026-09&utm_content=sheet-multi-digit-operations-whole-decimal-6,2026-09-21T10:30:00,"multi-digit operations (whole + decimal) worksheet, 6th grade math, 6.NS.B.2+B.3"
Tenths: 5th Grade Math Vocabulary Definition and Example,https://www.mathclass678.com/assets/pins/2026-09/ww-tenths-grade-5.jpg,5th Grade Math Word Wall | Vocabulary Cards,,"Tenths definition for 5th Grade math (5.NBT.A.3a): The place value just after the decimal point, showing parts out of ten. Example: 0.3 means 3 tenths, or 3 out of 10 equal parts. Key rule: The tenths place is the first digit to the right of the decimal point. The glossary page has more examples, plus the printable 5th Grade word wall.",https://www.mathclass678.com/word-wall/tenths-grade-5.html?utm_source=pinterest&utm_medium=social&utm_campaign=2026-09&utm_content=ww-tenths-grade-5,2026-09-21T20:45:00,"tenths definition, 5th grade math vocabulary, math word wall"
Additive Inverse & Opposites: 2 Mistakes to Head Off in 7th Grade Math (7.NS.A.1a),https://www.mathclass678.com/assets/pins/2026-09/std-7-ns-a-1a-additive-inverse-opposites-mistakes.jpg,7th Grade Integers and Rational Numbers | 7.NS Math,,"Two predictable 7th Grade math errors on 7.NS.A.1a, Additive Inverse & Opposites, and how to head them off. First: The additive inverse changes the sign. The additive inverse of −8 is +8, not −8, because (−8) + 8 = 0. Verify: if the sum is not 0, the inverse is wrong. Second: Additive inverses must sum to 0. (−3) + (−3) = −6, not 0. The additive inverse of −3 is +3, because (−3) + 3 = 0. Opposite signs, same distance from 0. Worked examples are on the page.",https://www.mathclass678.com/standards/7-ns-a-1a-additive-inverse-opposites.html?utm_source=pinterest&utm_medium=social&utm_campaign=2026-09&utm_content=std-7-ns-a-1a-additive-inverse-opposites-mistakes,2026-09-22T02:15:00,"additive inverse & opposites common mistakes, 7th grade math, 7.NS.A.1a"
Greatest Common Factor: 6th Grade Math Vocabulary Definition and Example,https://www.mathclass678.com/assets/pins/2026-09/ww-greatest-common-factor-grade-6.jpg,6th Grade Math Word Wall | Vocabulary Cards,,"Greatest Common Factor definition for 6th Grade math (6.NS.B.4): The largest factor that two or more numbers have in common. Example: Factors of 12: 1,2,3,4,6,12. Factors of 18: 1,2,3,6,9,18. GCF = 6. Key rule: Find all common factors, then pick the greatest. The glossary page has more examples, plus the printable 6th Grade word wall.",https://www.mathclass678.com/word-wall/greatest-common-factor-grade-6.html?utm_source=pinterest&utm_medium=social&utm_campaign=2026-09&utm_content=ww-greatest-common-factor-grade-6,2026-09-22T10:30:00,"greatest common factor definition, 6th grade math vocabulary, math word wall"
Adding Integers: 7th Grade Math Worked Example (7.NS.A.1b),https://www.mathclass678.com/assets/pins/2026-09/std-7-ns-a-1b-adding-integers-example-1.jpg,7th Grade Integers and Rational Numbers | 7.NS Math,,"A step-by-step 7th Grade math example for 7.NS.A.1b, Adding Integers. Problem: −4 + (−9) Same signs (both −) Add: 4 + 9 = 13. Keep the sign: −. A: −13. Answer: −13. More worked examples and the common mistakes to watch for are on the page.",https://www.mathclass678.com/standards/7-ns-a-1b-adding-integers.html?utm_source=pinterest&utm_medium=social&utm_campaign=2026-09&utm_content=std-7-ns-a-1b-adding-integers-example-1,2026-09-22T20:45:00,"adding integers, 7th grade math, 7.NS.A.1b"
8th Grade Exponents & Scientific Notation Bundle | 4 Notes and Practice Worksheets,https://www.mathclass678.com/assets/pins/2026-09/bundle-8th-grade-exponents-scientific-notation.jpg,4-in-1 Skill Sheets | Middle School Math System,,"The laws of exponents and scientific notation, aligned to 8.EE.A: exponent rules, negative and zero exponents, scientific notation conversion, and operations in scientific notation. Four 4-in-1 Skill Sheets, each moving from a reference page through sequenced practice and real-world application to a built-in exit ticket. Skills: Scientific Notation Conversion, Exponent Rules, Negative & Zero Exponents, Operations with Scientific Notation.",https://www.mathclass678.com/bundles/8th-grade-exponents-scientific-notation.html?utm_source=pinterest&utm_medium=social&utm_campaign=2026-09&utm_content=bundle-8th-grade-exponents-scientific-notation,2026-09-23T02:15:00,"8th grade exponents & scientific notation worksheets, 8th grade math bundle, 4-in-1 skill sheets"
Least Common Denominator: 6th Grade Math Vocabulary Definition and Example,https://www.mathclass678.com/assets/pins/2026-09/ww-least-common-denominator-grade-6.jpg,6th Grade Math Word Wall | Vocabulary Cards,,"Least Common Denominator definition for 6th Grade math (6.NS.B.4): The smallest common multiple of two or more denominators, used to add or subtract fractions. Example: For denominators 4 and 6, the LCD is 12. Key rule: The least common denominator is the LCM of the denominators. The glossary page has more examples, plus the printable 6th Grade word wall.",https://www.mathclass678.com/word-wall/least-common-denominator-grade-6.html?utm_source=pinterest&utm_medium=social&utm_campaign=2026-09&utm_content=ww-least-common-denominator-grade-6,2026-09-23T10:30:00,"least common denominator definition, 6th grade math vocabulary, math word wall"
Exponent Rules Notes and Practice Worksheet | 8th Grade Math 8.EE.A.1,https://www.mathclass678.com/assets/pins/2026-09/sheet-exponent-rules-8.jpg,8th Grade Expressions and Equations | 8.EE Math,,"Exponent Rules for 8th Grade math (8.EE.A.1). One 4-in-1 Skill Sheet: a color reference page, guided practice, real-world application and a short assessment. See what is inside on the page.",https://www.mathclass678.com/sheets/exponent-rules.html?utm_source=pinterest&utm_medium=social&utm_campaign=2026-09&utm_content=sheet-exponent-rules-8,2026-09-23T20:45:00,"exponent rules worksheet, 8th grade math, 8.EE.A.1"
Least Common Multiple: 6th Grade Math Vocabulary Definition and Example,https://www.mathclass678.com/assets/pins/2026-09/ww-least-common-multiple-grade-6.jpg,6th Grade Math Word Wall | Vocabulary Cards,,"Least Common Multiple definition for 6th Grade math (6.NS.B.4): The smallest multiple that two or more numbers have in common. Example: Multiples of 4: 4,8,12,16,20. Multiples of 6: 6,12,18,24. Common multiples: 12, 24 — least is 12. Key rule: The LCM is the smallest number that both original numbers divide into evenly. The glossary page has more examples, plus the printable 6th Grade word wall.",https://www.mathclass678.com/word-wall/least-common-multiple-grade-6.html?utm_source=pinterest&utm_medium=social&utm_campaign=2026-09&utm_content=ww-least-common-multiple-grade-6,2026-09-24T02:15:00,"least common multiple definition, 6th grade math vocabulary, math word wall"
Free SMART Goals Worksheet: Back to School Goal Setting | 7th Grade Math,https://www.mathclass678.com/assets/pins/2026-09/free-7th-grade-math-smart-goals-free.jpg,Free Middle School Math Resources | Grades 6-8,,A free smart goals worksheet for 7th Grade math (back to school goal setting). Enter your email on the page and it sends you straight to the free download.,https://www.mathclass678.com/free/7th-grade-math-smart-goals-free.html?utm_source=pinterest&utm_medium=social&utm_campaign=2026-09&utm_content=free-7th-grade-math-smart-goals-free,2026-09-24T10:30:00,"free smart goals worksheet, 7th grade math, free middle school math"
Absolute Value: 6th Grade Math Vocabulary Definition and Example,https://www.mathclass678.com/assets/pins/2026-09/ww-absolute-value-grade-6.jpg,6th Grade Math Word Wall | Vocabulary Cards,,"Absolute Value definition for 6th Grade math (6.NS.C.7): The distance of a number from zero on the number line, always positive or zero. Example: |−5| = 5 and |5| = 5 — both are 5 units from zero. Key rule: Absolute value measures distance, so it's never negative. The glossary page has more examples, plus the printable 6th Grade word wall.",https://www.mathclass678.com/word-wall/absolute-value-grade-6.html?utm_source=pinterest&utm_medium=social&utm_campaign=2026-09&utm_content=ww-absolute-value-grade-6,2026-09-24T20:45:00,"absolute value definition, 6th grade math vocabulary, math word wall"
Square & Cube Roots: 8th Grade Math Worked Example (8.EE.A.2),https://www.mathclass678.com/assets/pins/2026-09/std-8-ee-a-2-square-cube-roots-example-1.jpg,8th Grade Expressions and Equations | 8.EE Math,,"A step-by-step 8th Grade math example for 8.EE.A.2, Square & Cube Roots. Problem: Solve x² = 49. Take the square root of both sides. x = √49. 7² = 49, so x = 7. Answer: x = 7. More worked examples and the common mistakes to watch for are on the page.",https://www.mathclass678.com/standards/8-ee-a-2-square-cube-roots.html?utm_source=pinterest&utm_medium=social&utm_campaign=2026-09&utm_content=std-8-ee-a-2-square-cube-roots-example-1,2026-09-25T02:15:00,"square & cube roots, 8th grade math, 8.EE.A.2"
Adding Integers Notes and Practice Worksheet | 7th Grade Math 7.NS.A.1b,https://www.mathclass678.com/assets/pins/2026-09/sheet-adding-integers-7.jpg,7th Grade Integers and Rational Numbers | 7.NS Math,,"Adding Integers for 7th Grade math (7.NS.A.1b). I can add integers using absolute value and sign rules, and show sums on a number line. One 4-in-1 Skill Sheet: a color reference page, guided practice, real-world application and a short assessment. See what is inside on the page.",https://www.mathclass678.com/sheets/adding-integers.html?utm_source=pinterest&utm_medium=social&utm_campaign=2026-09&utm_content=sheet-adding-integers-7,2026-09-25T10:30:00,"adding integers worksheet, 7th grade math, 7.NS.A.1b"
Common Factor: 6th Grade Math Vocabulary Definition and Example,https://www.mathclass678.com/assets/pins/2026-09/ww-common-factor-grade-6.jpg,6th Grade Math Word Wall | Vocabulary Cards,,"Common Factor definition for 6th Grade math (6.NS.B.4): A number that is a factor of two or more numbers. Example: 12 and 18 share the common factors 1, 2, 3, and 6. Key rule: A common factor divides evenly into every number in the group. The glossary page has more examples, plus the printable 6th Grade word wall.",https://www.mathclass678.com/word-wall/common-factor-grade-6.html?utm_source=pinterest&utm_medium=social&utm_campaign=2026-09&utm_content=ww-common-factor-grade-6,2026-09-25T20:45:00,"common factor definition, 6th grade math vocabulary, math word wall"
Exponent Rules: 2 Mistakes to Head Off in 8th Grade Math (8.EE.A.1),https://www.mathclass678.com/assets/pins/2026-09/std-8-ee-a-1-exponent-rules-mistakes.jpg,8th Grade Expressions and Equations | 8.EE Math,,"Two predictable 8th Grade math errors on 8.EE.A.1, Exponent Rules, and how to head them off. First: The product rule ADDS the exponents: x² · x³ = x⁵. Multiplying exponents is the power-of-a-power rule — a different situation. Second: Distributing only works over MULTIPLICATION: (xy)² = x²y². With addition you must expand: (x + y)² = x² + 2xy + y². Worked examples are on the page.",https://www.mathclass678.com/standards/8-ee-a-1-exponent-rules.html?utm_source=pinterest&utm_medium=social&utm_campaign=2026-09&utm_content=std-8-ee-a-1-exponent-rules-mistakes,2026-09-26T02:15:00,"exponent rules common mistakes, 8th grade math, 8.EE.A.1"
Common Multiple: 6th Grade Math Vocabulary Definition and Example,https://www.mathclass678.com/assets/pins/2026-09/ww-common-multiple-grade-6.jpg,6th Grade Math Word Wall | Vocabulary Cards,,"Common Multiple definition for 6th Grade math (6.NS.B.4): A number that is a multiple of two or more numbers at the same time. Example: 12 and 24 are common multiples of 4 and 6. Key rule: A common multiple is shared by every number in the group. The glossary page has more examples, plus the printable 6th Grade word wall.",https://www.mathclass678.com/word-wall/common-multiple-grade-6.html?utm_source=pinterest&utm_medium=social&utm_campaign=2026-09&utm_content=ww-common-multiple-grade-6,2026-09-26T10:30:00,"common multiple definition, 6th grade math vocabulary, math word wall"
Scientific Notation Conversion: 8th Grade Math Worked Example (8.EE.A.3),https://www.mathclass678.com/assets/pins/2026-09/std-8-ee-a-3-scientific-notation-conversion-example-1.jpg,8th Grade Expressions and Equations | 8.EE Math,,"A step-by-step 8th Grade math example for 8.EE.A.3, Scientific Notation Conversion. Problem: 47,000 Move decimal 4 places left. Coefficient: 4.7. 47,000 = 4.7 × 10⁴. Answer: 4.7 × 10⁴. More worked examples and the common mistakes to watch for are on the page.",https://www.mathclass678.com/standards/8-ee-a-3-scientific-notation-conversion.html?utm_source=pinterest&utm_medium=social&utm_campaign=2026-09&utm_content=std-8-ee-a-3-scientific-notation-conversion-example-1,2026-09-26T20:45:00,"scientific notation conversion, 8th grade math, 8.EE.A.3"
7th Grade Integer Operations Bundle | 4 Notes and Practice Worksheets,https://www.mathclass678.com/assets/pins/2026-09/bundle-7th-grade-integer-operations.jpg,4-in-1 Skill Sheets | Middle School Math System,,"Adding, subtracting, multiplying, and dividing integers, aligned to 7.NS.A. This focused 7th grade integer operations bundle gives you four 4-in-1 Skill Sheets that teach the sign rules with number lines and worked examples, each with a reference page, sequenced practice, application, and a built-in exit ticket. Skills: Adding Integers, Subtracting Integers, Multiplying Integers, Dividing Integers.",https://www.mathclass678.com/bundles/7th-grade-integer-operations.html?utm_source=pinterest&utm_medium=social&utm_campaign=2026-09&utm_content=bundle-7th-grade-integer-operations,2026-09-27T02:15:00,"7th grade integer operations worksheets, 7th grade math bundle, 4-in-1 skill sheets"
Coordinate Plane: 6th Grade Math Vocabulary Definition and Example,https://www.mathclass678.com/assets/pins/2026-09/ww-coordinate-plane-grade-6.jpg,6th Grade Math Word Wall | Vocabulary Cards,,"Coordinate Plane definition for 6th Grade math (6.G.A.3): A grid formed by a horizontal x-axis and vertical y-axis, used to locate points with ordered pairs. Example: The origin (0,0) is where the x-axis and y-axis cross. Key rule: The x-axis and y-axis together form the grid that locates every point. The glossary page has more examples, plus the printable 6th Grade word wall.",https://www.mathclass678.com/word-wall/coordinate-plane-grade-6.html?utm_source=pinterest&utm_medium=social&utm_campaign=2026-09&utm_content=ww-coordinate-plane-grade-6,2026-09-27T10:30:00,"coordinate plane definition, 6th grade math vocabulary, math word wall"
Square & Cube Roots Notes and Practice Worksheet | 8th Grade Math 8.EE.A.2,https://www.mathclass678.com/assets/pins/2026-09/sheet-square-cube-roots-8.jpg,8th Grade Expressions and Equations | 8.EE Math,,"Square & Cube Roots for 8th Grade math (8.EE.A.2). I can evaluate square roots and cube roots and use them to solve simple equations. One 4-in-1 Skill Sheet: a color reference page, guided practice, real-world application and a short assessment. See what is inside on the page.",https://www.mathclass678.com/sheets/square-cube-roots.html?utm_source=pinterest&utm_medium=social&utm_campaign=2026-09&utm_content=sheet-square-cube-roots-8,2026-09-27T20:45:00,"square & cube roots worksheet, 8th grade math, 8.EE.A.2"
Absolute Value: 7th Grade Math Vocabulary Definition and Example,https://www.mathclass678.com/assets/pins/2026-09/ww-absolute-value-grade-7.jpg,7th Grade Math Word Wall | Vocabulary Cards,,"Absolute Value definition for 7th Grade math (7.NS.A.1a): The distance a number is from 0 on a number line, written |n|. It is always non-negative. Example: |−7| = 7, because −7 is 7 units from zero. Key rule: Absolute value is ALWAYS positive or zero — never negative. The glossary page has more examples, plus the printable 7th Grade word wall.",https://www.mathclass678.com/word-wall/absolute-value-grade-7.html?utm_source=pinterest&utm_medium=social&utm_campaign=2026-09&utm_content=ww-absolute-value-grade-7,2026-09-28T02:15:00,"absolute value definition, 7th grade math vocabulary, math word wall"
Free SMART Goals Worksheet: Back to School Goal Setting | 8th Grade Math,https://www.mathclass678.com/assets/pins/2026-09/free-8th-grade-math-smart-goals-free.jpg,Free Middle School Math Resources | Grades 6-8,,A free smart goals worksheet for 8th Grade math (back to school goal setting). Enter your email on the page and it sends you straight to the free download.,https://www.mathclass678.com/free/8th-grade-math-smart-goals-free.html?utm_source=pinterest&utm_medium=social&utm_campaign=2026-09&utm_content=free-8th-grade-math-smart-goals-free,2026-09-28T10:30:00,"free smart goals worksheet, 8th grade math, free middle school math"
Additive Inverse: 7th Grade Math Vocabulary Definition and Example,https://www.mathclass678.com/assets/pins/2026-09/ww-additive-inverse-grade-7.jpg,7th Grade Math Word Wall | Vocabulary Cards,,"Additive Inverse definition for 7th Grade math (7.NS.A.1a): The opposite of a number. A number and its additive inverse always sum to zero; the additive inverse of n is −n. Example: 7 + (−7) = 0. Key rule: A number plus its additive inverse always equals 0. The glossary page has more examples, plus the printable 7th Grade word wall.",https://www.mathclass678.com/word-wall/additive-inverse-grade-7.html?utm_source=pinterest&utm_medium=social&utm_campaign=2026-09&utm_content=ww-additive-inverse-grade-7,2026-09-28T20:45:00,"additive inverse definition, 7th grade math vocabulary, math word wall"
Multi-Digit Operations: 6th Grade Math Worked Example (6.NS.B.2+B.3),https://www.mathclass678.com/assets/pins/2026-09/std-6-ns-b-2-b-3-multi-digit-operations-example-1.jpg,6th Grade Number System | 6.NS Math,,"A step-by-step 6th Grade math example for 6.NS.B.2+B.3, Multi-Digit Operations. Problem: Divide 3,276 ÷ 7. 7 into 32 = 4 R 4; write 4 above tens digit. Bring down 7 → 47; 7 into 47 = 6 R 5; write 6. Bring down 6 → 56; 7 into 56 = 8; write 8. 3,276 ÷ 7 = 468. Answer: 468. More worked examples and the common mistakes to watch for are on the page.",https://www.mathclass678.com/standards/6-ns-b-2-b-3-multi-digit-operations.html?utm_source=pinterest&utm_medium=social&utm_campaign=2026-09&utm_content=std-6-ns-b-2-b-3-multi-digit-operations-example-1,2026-09-29T02:15:00,"multi-digit operations, 6th grade math, 6.NS.B.2+B.3"
Subtracting Integers Notes and Practice Worksheet | 7th Grade Math 7.NS.A.1c,https://www.mathclass678.com/assets/pins/2026-09/sheet-subtracting-integers-7.jpg,7th Grade Integers and Rational Numbers | 7.NS Math,,"Subtracting Integers for 7th Grade math (7.NS.A.1c). I can subtract integers by rewriting each difference as adding the opposite. One 4-in-1 Skill Sheet: a color reference page, guided practice, real-world application and a short assessment. See what is inside on the page.",https://www.mathclass678.com/sheets/subtracting-integers.html?utm_source=pinterest&utm_medium=social&utm_campaign=2026-09&utm_content=sheet-subtracting-integers-7,2026-09-29T10:30:00,"subtracting integers worksheet, 7th grade math, 7.NS.A.1c"
Consecutive Integers: 8th Grade Math Vocabulary Definition and Example,https://www.mathclass678.com/assets/pins/2026-09/ww-consecutive-integers-grade-8.jpg,8th Grade Math Word Wall | Vocabulary Cards,,"Consecutive Integers definition for 8th Grade math (8.NS.A.2): Whole numbers that follow each other in order, each one greater than the previous. Used to locate irrational numbers between two whole-number bounds. Example: 5, 6, 7 or 11, 12, 13 are consecutive integers. Key rule: To trap an irrational root, find the two perfect squares it falls between, then take their roots. The glossary page has more examples, plus the printable 8th Grade word wall.",https://www.mathclass678.com/word-wall/consecutive-integers-grade-8.html?utm_source=pinterest&utm_medium=social&utm_campaign=2026-09&utm_content=ww-consecutive-integers-grade-8,2026-09-29T20:45:00,"consecutive integers definition, 8th grade math vocabulary, math word wall"
Multi-Digit Operations: 2 Mistakes to Head Off in 6th Grade Math (6.NS.B.2+B.3),https://www.mathclass678.com/assets/pins/2026-09/std-6-ns-b-2-b-3-multi-digit-operations-mistakes.jpg,6th Grade Number System | 6.NS Math,,"Two predictable 6th Grade math errors on 6.NS.B.2+B.3, Multi-Digit Operations, and how to head them off. First: Count decimal places in BOTH factors and ADD them — 4.5 (1 place) × 2.8 (1 place) = 2 total places → 12.6. Second: Line up the decimal points, write 14.30 − 9.75, then borrow column by column from right to left — answer is 4.55. Worked examples are on the page.",https://www.mathclass678.com/standards/6-ns-b-2-b-3-multi-digit-operations.html?utm_source=pinterest&utm_medium=social&utm_campaign=2026-09&utm_content=std-6-ns-b-2-b-3-multi-digit-operations-mistakes,2026-09-30T02:15:00,"multi-digit operations common mistakes, 6th grade math, 6.NS.B.2+B.3"
Common Denominator: 7th Grade Math Vocabulary Definition and Example,https://www.mathclass678.com/assets/pins/2026-09/ww-common-denominator-grade-7.jpg,7th Grade Math Word Wall | Vocabulary Cards,,"Common Denominator definition for 7th Grade math (7.NS.A.1d): A shared multiple of the denominators of two or more fractions. The Least Common Denominator (LCD) is the smallest such multiple. Example: For 1/3 + 1/4, the LCD of 3 and 4 is 12. Key rule: You must have the same denominator before adding or subtracting fractions. The glossary page has more examples, plus the printable 7th Grade word wall.",https://www.mathclass678.com/word-wall/common-denominator-grade-7.html?utm_source=pinterest&utm_medium=social&utm_campaign=2026-09&utm_content=ww-common-denominator-grade-7,2026-09-30T10:30:00,"common denominator definition, 7th grade math vocabulary, math word wall"
Greatest Common Factor & Least Common Multiple: 6th Grade Math Worked Example (6.NS.B.4),https://www.mathclass678.com/assets/pins/2026-09/std-6-ns-b-4-gcf-and-lcm-example-1.jpg,6th Grade Number System | 6.NS Math,,"A step-by-step 6th Grade math example for 6.NS.B.4, Greatest Common Factor & Least Common Multiple. Problem: Find the GCF of 12 and 18. Factors of 12: 1, 2, 3, 4, 6, 12. Factors of 18: 1, 2, 3, 6, 9, 18. Common factors: 1, 2, 3, 6. Greatest: GCF = 6. Answer: 6. More worked examples and the common mistakes to watch for are on the page.",https://www.mathclass678.com/standards/6-ns-b-4-gcf-and-lcm.html?utm_source=pinterest&utm_medium=social&utm_campaign=2026-09&utm_content=std-6-ns-b-4-gcf-and-lcm-example-1,2026-09-30T20:45:00,"greatest common factor & least common multiple, 6th grade math, 6.NS.B.4"
Difference: 7th Grade Math Vocabulary Definition and Example,https://www.mathclass678.com/assets/pins/2026-09/ww-difference-grade-7.jpg,7th Grade Math Word Wall | Vocabulary Cards,,"Difference definition for 7th Grade math (7.NS.A.1c): The result of subtraction. To subtract an integer, add its additive inverse (opposite): a − b = a + (−b). Example: 7 − (−3) = 7 + 3 = 10. Key rule: Never subtract integers directly — rewrite as adding the opposite (KCC). The glossary page has more examples, plus the printable 7th Grade word wall.",https://www.mathclass678.com/word-wall/difference-grade-7.html?utm_source=pinterest&utm_medium=social&utm_campaign=2026-09&utm_content=ww-difference-grade-7,2026-10-01T02:15:00,"difference definition, 7th grade math vocabulary, math word wall"
Greatest Common Factor Notes and Practice Worksheet | 6th Grade Math 6.NS.B.4,https://www.mathclass678.com/assets/pins/2026-09/sheet-greatest-common-factor-6.jpg,6th Grade Number System | 6.NS Math,,"Greatest Common Factor for 6th Grade math (6.NS.B.4). I can find the greatest common factor of two numbers and use it to rewrite sums. One 4-in-1 Skill Sheet: a color reference page, guided practice, real-world application and a short assessment. See what is inside on the page.",https://www.mathclass678.com/sheets/greatest-common-factor.html?utm_source=pinterest&utm_medium=social&utm_campaign=2026-09&utm_content=sheet-greatest-common-factor-6,2026-10-01T10:30:00,"greatest common factor worksheet, 6th grade math, 6.NS.B.4"
Distance: 7th Grade Math Vocabulary Definition and Example,https://www.mathclass678.com/assets/pins/2026-09/ww-distance-grade-7.jpg,7th Grade Math Word Wall | Vocabulary Cards,,"Distance definition for 7th Grade math (7.NS.A.1c): The distance between two integers is the absolute value of their difference: |B - A| = |A - B|. Distance is always positive. Example: Distance from −3 to 5 = |5 − (−3)| = |8| = 8 units. Key rule: Distance is always positive — use absolute value to guarantee it. The glossary page has more examples, plus the printable 7th Grade word wall.",https://www.mathclass678.com/word-wall/distance-grade-7.html?utm_source=pinterest&utm_medium=social&utm_campaign=2026-09&utm_content=ww-distance-grade-7,2026-10-01T20:45:00,"distance definition, 7th grade math vocabulary, math word wall"
Free Math About Me Activity: Back to School First Day | 6th Grade Math,https://www.mathclass678.com/assets/pins/2026-09/free-6th-grade-math-about-me.jpg,Free Middle School Math Resources | Grades 6-8,,A free math about me activity for 6th Grade math (back to school first day). Enter your email on the page and it sends you straight to the free download.,https://www.mathclass678.com/free/6th-grade-math-about-me.html?utm_source=pinterest&utm_medium=social&utm_campaign=2026-09&utm_content=free-6th-grade-math-about-me,2026-10-02T02:15:00,"free math about me activity, 6th grade math, free middle school math"
Dividend: 7th Grade Math Vocabulary Definition and Example,https://www.mathclass678.com/assets/pins/2026-09/ww-dividend-grade-7.jpg,7th Grade Math Word Wall | Vocabulary Cards,,"Dividend definition for 7th Grade math (7.NS.A.2b): The number being divided in a division problem. In a ÷ b = c, the dividend is a; in fraction form, the dividend is the numerator. Example: In −18 ÷ 3 = −6, the dividend is −18. Key rule: The dividend is the numerator in fraction form. The glossary page has more examples, plus the printable 7th Grade word wall.",https://www.mathclass678.com/word-wall/dividend-grade-7.html?utm_source=pinterest&utm_medium=social&utm_campaign=2026-09&utm_content=ww-dividend-grade-7,2026-10-02T10:30:00,"dividend definition, 7th grade math vocabulary, math word wall"
Positive & Negative Numbers in Context: 6th Grade Math Worked Example (6.NS.C.5+C.6a),https://www.mathclass678.com/assets/pins/2026-09/std-6-ns-c-5-c-6a-positive-negative-numbers-in-context-example-1.jpg,6th Grade Number System | 6.NS Math,,"A step-by-step 6th Grade math example for 6.NS.C.5+C.6a, Positive & Negative Numbers in Context. Problem: Write: 40 feet below sea level. Below sea level = negative direction. 40 feet below → −40. 0 = sea level (reference point) Answer: −40 feet. More worked examples and the common mistakes to watch for are on the page.",https://www.mathclass678.com/standards/6-ns-c-5-c-6a-positive-negative-numbers-in-context.html?utm_source=pinterest&utm_medium=social&utm_campaign=2026-09&utm_content=std-6-ns-c-5-c-6a-positive-negative-numbers-in-context-example-1,2026-10-02T20:45:00,"positive & negative numbers in context, 6th grade math, 6.NS.C.5+C.6a"
Scientific Notation Conversion Notes and Practice Worksheet | 8th Grade Math 8.EE.A.3,https://www.mathclass678.com/assets/pins/2026-09/sheet-scientific-notation-conversion-8.jpg,8th Grade Expressions and Equations | 8.EE Math,,"Scientific Notation Conversion for 8th Grade math (8.EE.A.3). I can use scientific notation to express and compare very large and very small numbers. One 4-in-1 Skill Sheet: a color reference page, guided practice, real-world application and a short assessment. See what is inside on the page.",https://www.mathclass678.com/sheets/scientific-notation-conversion.html?utm_source=pinterest&utm_medium=social&utm_campaign=2026-09&utm_content=sheet-scientific-notation-conversion-8,2026-10-03T02:15:00,"scientific notation conversion worksheet, 8th grade math, 8.EE.A.3"
Divisor: 7th Grade Math Vocabulary Definition and Example,https://www.mathclass678.com/assets/pins/2026-09/ww-divisor-grade-7.jpg,7th Grade Math Word Wall | Vocabulary Cards,,"Divisor definition for 7th Grade math (7.NS.A.2b): The number by which the dividend is divided. In a ÷ b = c, the divisor is b. The divisor can never be zero (undefined). Example: In −18 ÷ 3 = −6, the divisor is 3. Key rule: The divisor can never be zero. The glossary page has more examples, plus the printable 7th Grade word wall.",https://www.mathclass678.com/word-wall/divisor-grade-7.html?utm_source=pinterest&utm_medium=social&utm_campaign=2026-09&utm_content=ww-divisor-grade-7,2026-10-03T10:30:00,"divisor definition, 7th grade math vocabulary, math word wall"
Square & Cube Roots: 2 Mistakes to Head Off in 8th Grade Math (8.EE.A.2),https://www.mathclass678.com/assets/pins/2026-09/std-8-ee-a-2-square-cube-roots-mistakes.jpg,8th Grade Expressions and Equations | 8.EE Math,,"Two predictable 8th Grade math errors on 8.EE.A.2, Square & Cube Roots, and how to head them off. First: A square root is not half. √49 = 7 because 7² = 49. Second: Roots do not distribute. Add under the radical first: √(4+9) = √13 ≈ 3.61. Worked examples are on the page.",https://www.mathclass678.com/standards/8-ee-a-2-square-cube-roots.html?utm_source=pinterest&utm_medium=social&utm_campaign=2026-09&utm_content=std-8-ee-a-2-square-cube-roots-mistakes,2026-10-03T20:45:00,"square & cube roots common mistakes, 8th grade math, 8.EE.A.2"
Coefficient: Algebra 1 Math Vocabulary Definition and Example,https://www.mathclass678.com/assets/pins/2026-09/ww-coefficient-algebra.jpg,Algebra 1 Math Word Wall | Vocabulary Cards,,"Coefficient definition for Algebra 1 math: A coefficient is the number multiplied by the variable in a term, such as the 7 in 7x. Example: In 7x, the coefficient is 7. Key rule: The coefficient is the number factor attached to the variable. The glossary page has more examples, plus the printable Algebra 1 word wall.",https://www.mathclass678.com/word-wall/coefficient-algebra.html?utm_source=pinterest&utm_medium=social&utm_campaign=2026-09&utm_content=ww-coefficient-algebra,2026-10-04T02:15:00,"coefficient definition, algebra 1 math vocabulary, math word wall"
Operations with Scientific Notation: 8th Grade Math Worked Example (8.EE.A.4),https://www.mathclass678.com/assets/pins/2026-09/std-8-ee-a-4-operations-with-scientific-notation-example-1.jpg,8th Grade Expressions and Equations | 8.EE Math,,"A step-by-step 8th Grade math example for 8.EE.A.4, Operations with Scientific Notation. Problem: (3 × 10⁴)(2 × 10³) Multiply coefficients: 3 · 2 = 6. Add exponents: 4 + 3 = 7. (3 × 10⁴)(2 × 10³) = 6 × 10⁷. Answer: 6 × 10⁷. More worked examples and the common mistakes to watch for are on the page.",https://www.mathclass678.com/standards/8-ee-a-4-operations-with-scientific-notation.html?utm_source=pinterest&utm_medium=social&utm_campaign=2026-09&utm_content=std-8-ee-a-4-operations-with-scientific-notation-example-1,2026-10-04T10:30:00,"operations with scientific notation, 8th grade math, 8.EE.A.4"
Constant: Algebra 1 Math Vocabulary Definition and Example,https://www.mathclass678.com/assets/pins/2026-09/ww-constant-algebra.jpg,Algebra 1 Math Word Wall | Vocabulary Cards,,"Constant definition for Algebra 1 math: A constant is a term in an expression that is a fixed number and contains no variable. Example: In 4x + 9, the constant is 9. Key rule: A constant never changes because it has no variable. The glossary page has more examples, plus the printable Algebra 1 word wall.",https://www.mathclass678.com/word-wall/constant-algebra.html?utm_source=pinterest&utm_medium=social&utm_campaign=2026-09&utm_content=ww-constant-algebra,2026-10-04T20:45:00,"constant definition, algebra 1 math vocabulary, math word wall"
Positive & Negative Numbers in Context Notes and Practice Worksheet | 6th Grade Math 6.NS.C.5+C.6a,https://www.mathclass678.com/assets/pins/2026-09/sheet-positive-negative-numbers-in-context-6.jpg,6th Grade Number System | 6.NS Math,,"Positive & Negative Numbers in Context for 6th Grade math (6.NS.C.5+C.6a). I can use positive and negative numbers to represent real-world quantities. One 4-in-1 Skill Sheet: a color reference page, guided practice, real-world application and a short assessment. See what is inside on the page.",https://www.mathclass678.com/sheets/positive-negative-numbers-in-context.html?utm_source=pinterest&utm_medium=social&utm_campaign=2026-09&utm_content=sheet-positive-negative-numbers-in-context-6,2026-10-05T02:15:00,"positive & negative numbers in context worksheet, 6th grade math, 6.NS.C.5+C.6a"
Irrational Number: 8th Grade Math Vocabulary Definition and Example,https://www.mathclass678.com/assets/pins/2026-09/ww-irrational-number-grade-8.jpg,8th Grade Math Word Wall | Vocabulary Cards,,"Irrational Number definition for 8th Grade math (8.NS.A.1): A number whose decimal form never terminates and never repeats. It cannot be written as a fraction of two integers. Example: Pi = 3.14159265... — the digits never repeat. Key rule: Rational decimals stop or repeat; irrational decimals never do either. The glossary page has more examples, plus the printable 8th Grade word wall.",https://www.mathclass678.com/word-wall/irrational-number-grade-8.html?utm_source=pinterest&utm_medium=social&utm_campaign=2026-09&utm_content=ww-irrational-number-grade-8,2026-10-05T10:30:00,"irrational number definition, 8th grade math vocabulary, math word wall"
Free Math About Me Activity: Back to School First Day | 7th Grade Math,https://www.mathclass678.com/assets/pins/2026-09/free-7th-grade-math-about-me.jpg,Free Middle School Math Resources | Grades 6-8,,A free math about me activity for 7th Grade math (back to school first day). Enter your email on the page and it sends you straight to the free download.,https://www.mathclass678.com/free/7th-grade-math-about-me.html?utm_source=pinterest&utm_medium=social&utm_campaign=2026-09&utm_content=free-7th-grade-math-about-me,2026-10-05T20:45:00,"free math about me activity, 7th grade math, free middle school math"
Perfect Square: 8th Grade Math Vocabulary Definition and Example,https://www.mathclass678.com/assets/pins/2026-09/ww-perfect-square-grade-8.jpg,8th Grade Math Word Wall | Vocabulary Cards,,"Perfect Square definition for 8th Grade math (8.EE.A.2): A number that equals an integer multiplied by itself. The square root of a perfect square is a whole number. Example: 16 is a perfect square because 4 × 4 = 16. Key rule: The square root of a perfect square is always a whole number. The glossary page has more examples, plus the printable 8th Grade word wall.",https://www.mathclass678.com/word-wall/perfect-square-grade-8.html?utm_source=pinterest&utm_medium=social&utm_campaign=2026-09&utm_content=ww-perfect-square-grade-8,2026-10-06T02:15:00,"perfect square definition, 8th grade math vocabulary, math word wall"
The Coordinate Plane: 6th Grade Math Worked Example (6.NS.C.6b),https://www.mathclass678.com/assets/pins/2026-09/std-6-ns-c-6b-the-coordinate-plane-example-1.jpg,6th Grade Number System | 6.NS Math,,"A step-by-step 6th Grade math example for 6.NS.C.6b, The Coordinate Plane. Problem: Which quadrant holds (−3, 5)? x = −3 (negative), y = 5 (positive) Signs: (−, +) Match to quadrant map → Quadrant II. Answer: Quadrant II. More worked examples and the common mistakes to watch for are on the page.",https://www.mathclass678.com/standards/6-ns-c-6b-the-coordinate-plane.html?utm_source=pinterest&utm_medium=social&utm_campaign=2026-09&utm_content=std-6-ns-c-6b-the-coordinate-plane-example-1,2026-10-06T10:30:00,"the coordinate plane, 6th grade math, 6.NS.C.6b"
Adding & Subtracting Rationals Notes and Practice Worksheet | 7th Grade Math 7.NS.A.1d,https://www.mathclass678.com/assets/pins/2026-09/sheet-adding-subtracting-rationals-7.jpg,7th Grade Integers and Rational Numbers | 7.NS Math,,"Adding & Subtracting Rationals for 7th Grade math (7.NS.A.1d). I can add and subtract rational numbers in any form, including in real-world contexts. One 4-in-1 Skill Sheet: a color reference page, guided practice, real-world application and a short assessment. See what is inside on the page.",https://www.mathclass678.com/sheets/adding-subtracting-rationals.html?utm_source=pinterest&utm_medium=social&utm_campaign=2026-09&utm_content=sheet-adding-subtracting-rationals-7,2026-10-06T20:45:00,"adding & subtracting rationals worksheet, 7th grade math, 7.NS.A.1d"
Rational Approximation: 8th Grade Math Vocabulary Definition and Example,https://www.mathclass678.com/assets/pins/2026-09/ww-rational-approximation-grade-8.jpg,8th Grade Math Word Wall | Vocabulary Cards,,"Rational Approximation definition for 8th Grade math (8.NS.A.2): A rational number (fraction or decimal) used to estimate an irrational number. Found by squeezing the value between closer and closer rational bounds. Example: √2 is between 1 and 2, then between 1.4 and 1.5, narrowing to about 1.41. Key rule: Squeeze the irrational number between closer and closer rational bounds. The glossary page has more examples, plus the printable 8th Grade word wall.",https://www.mathclass678.com/word-wall/rational-approximation-grade-8.html?utm_source=pinterest&utm_medium=social&utm_campaign=2026-09&utm_content=ww-rational-approximation-grade-8,2026-10-07T02:15:00,"rational approximation definition, 8th grade math vocabulary, math word wall"
Adding Integers: 2 Mistakes to Head Off in 7th Grade Math (7.NS.A.1b),https://www.mathclass678.com/assets/pins/2026-09/std-7-ns-a-1b-adding-integers-mistakes.jpg,7th Grade Integers and Rational Numbers | 7.NS Math,,"Two predictable 7th Grade math errors on 7.NS.A.1b, Adding Integers, and how to head them off. First: Unlike signs subtract: 9−5=4; |−9|>|5| gives −4. Second: |−11| > |4|, so the answer must be negative: −11 + 4 = −7. Worked examples are on the page.",https://www.mathclass678.com/standards/7-ns-a-1b-adding-integers.html?utm_source=pinterest&utm_medium=social&utm_campaign=2026-09&utm_content=std-7-ns-a-1b-adding-integers-mistakes,2026-10-07T10:30:00,"adding integers common mistakes, 7th grade math, 7.NS.A.1b"
Rational Number: 8th Grade Math Vocabulary Definition and Example,https://www.mathclass678.com/assets/pins/2026-09/ww-rational-number-grade-8.jpg,8th Grade Math Word Wall | Vocabulary Cards,,"Rational Number definition for 8th Grade math (8.EE.C.7b): Any number that can be written as a ratio p/q of two integers, where q is not zero. Includes integers, fractions, and terminating or repeating decimals. Example: 3/4, −5/8, and 2/3 are all rational. Key rule: If it can be written as p/q, it's rational — this includes repeating and terminating decimals. The glossary page has more examples, plus the printable 8th Grade word wall.",https://www.mathclass678.com/word-wall/rational-number-grade-8.html?utm_source=pinterest&utm_medium=social&utm_campaign=2026-09&utm_content=ww-rational-number-grade-8,2026-10-07T20:45:00,"rational number definition, 8th grade math vocabulary, math word wall"
Multiplying Integers: 7th Grade Math Worked Example (7.NS.A.2a),https://www.mathclass678.com/assets/pins/2026-09/std-7-ns-a-2a-multiplying-integers-example-1.jpg,7th Grade Integers and Rational Numbers | 7.NS Math,,"A step-by-step 7th Grade math example for 7.NS.A.2a, Multiplying Integers. Problem: (−3) × 4 3 × 4 = 12. Signs differ → negative. Four jumps of −3 → −12. A: −12. Answer: −12. More worked examples and the common mistakes to watch for are on the page.",https://www.mathclass678.com/standards/7-ns-a-2a-multiplying-integers.html?utm_source=pinterest&utm_medium=social&utm_campaign=2026-09&utm_content=std-7-ns-a-2a-multiplying-integers-example-1,2026-10-08T02:15:00,"multiplying integers, 7th grade math, 7.NS.A.2a"
Repeating Decimal: 8th Grade Math Vocabulary Definition and Example,https://www.mathclass678.com/assets/pins/2026-09/ww-repeating-decimal-grade-8.jpg,8th Grade Math Word Wall | Vocabulary Cards,,"Repeating Decimal definition for 8th Grade math (8.NS.A.1): A decimal in which a digit or block of digits repeats infinitely. Shown with a bar over the repeating part. Repeating decimals are rational numbers. Example: 0.333... is written 0.3 with a bar — the 3 repeats. Key rule: Both terminating and repeating decimals are rational. The glossary page has more examples, plus the printable 8th Grade word wall.",https://www.mathclass678.com/word-wall/repeating-decimal-grade-8.html?utm_source=pinterest&utm_medium=social&utm_campaign=2026-09&utm_content=ww-repeating-decimal-grade-8,2026-10-08T10:30:00,"repeating decimal definition, 8th grade math vocabulary, math word wall"
Multi-Step Equation: Algebra 1 Math Vocabulary Definition and Example,https://www.mathclass678.com/assets/pins/2026-09/ww-multi-step-equation-algebra.jpg,Algebra 1 Math Word Wall | Vocabulary Cards,,"Multi-Step Equation definition for Algebra 1 math: A multi-step equation requires more than one step − distributing, combining like terms, and inverse operations − to solve. Example: 2(x + 3) = 16 → 2x + 6 = 16 → x = 5. Key rule: Work backwards: undo distribution and combining, then isolate the variable. The glossary page has more examples, plus the printable Algebra 1 word wall.",https://www.mathclass678.com/word-wall/multi-step-equation-algebra.html?utm_source=pinterest&utm_medium=social&utm_campaign=2026-09&utm_content=ww-multi-step-equation-algebra,2026-10-08T20:45:00,"multi-step equation definition, algebra 1 math vocabulary, math word wall"
Free Year at a Glance: I Can Checklist + CCSS Curriculum Map | 6th Grade Math,https://www.mathclass678.com/assets/pins/2026-09/free-6th-grade-math-year-at-a-glance-free.jpg,Free Middle School Math Resources | Grades 6-8,,A free year at a glance for 6th Grade math (i can checklist + ccss curriculum map). Enter your email on the page and it sends you straight to the free download.,https://www.mathclass678.com/free/6th-grade-math-year-at-a-glance-free.html?utm_source=pinterest&utm_medium=social&utm_campaign=2026-09&utm_content=free-6th-grade-math-year-at-a-glance-free,2026-10-09T02:15:00,"free year at a glance, 6th grade math, free middle school math"
Terminating Decimal: 8th Grade Math Vocabulary Definition and Example,https://www.mathclass678.com/assets/pins/2026-09/ww-terminating-decimal-grade-8.jpg,8th Grade Math Word Wall | Vocabulary Cards,,"Terminating Decimal definition for 8th Grade math (8.NS.A.1): A decimal that ends after a finite number of digits. A fraction terminates when its denominator (in lowest terms) has only 2s and 5s as prime factors. Example: 1 ÷ 4 = 0.25, stopping after 2 places. Key rule: Check the denominator's prime factors — only 2s and 5s mean it terminates. The glossary page has more examples, plus the printable 8th Grade word wall.",https://www.mathclass678.com/word-wall/terminating-decimal-grade-8.html?utm_source=pinterest&utm_medium=social&utm_campaign=2026-09&utm_content=ww-terminating-decimal-grade-8,2026-10-09T10:30:00,"terminating decimal definition, 8th grade math vocabulary, math word wall"
Rationals on Number Line & Coord Plane: 6th Grade Math Worked Example (6.NS.C.6c),https://www.mathclass678.com/assets/pins/2026-09/std-6-ns-c-6c-rationals-on-number-line-coord-plane-example-1.jpg,6th Grade Number System | 6.NS Math,,"A step-by-step 6th Grade math example for 6.NS.C.6c, Rationals on Number Line & Coord Plane. Problem: Plot 3/4. Axis: 0 to 1, 4 parts. Tick value: 1 ÷ 4 = 1/4 per tick. Count 3 ticks RIGHT of 0. Plot dot at 3/4. Answer: 3/4 (between 0 and 1) More worked examples and the common mistakes to watch for are on the page.",https://www.mathclass678.com/standards/6-ns-c-6c-rationals-on-number-line-coord-plane.html?utm_source=pinterest&utm_medium=social&utm_campaign=2026-09&utm_content=std-6-ns-c-6c-rationals-on-number-line-coord-plane-example-1,2026-10-09T20:45:00,"rationals on number line & coord plane, 6th grade math, 6.NS.C.6c"
Distributive Property: Algebra 1 Math Vocabulary Definition and Example,https://www.mathclass678.com/assets/pins/2026-09/ww-distributive-property-algebra.jpg,Algebra 1 Math Word Wall | Vocabulary Cards,,"Distributive Property definition for Algebra 1 math: The distributive property is a rule stating a(b + c) = ab + ac, multiplying a factor across a sum. Example: 4(x + 2) = 4x + 8. Key rule: Multiply the outside factor by every term inside the parentheses. The glossary page has more examples, plus the printable Algebra 1 word wall.",https://www.mathclass678.com/word-wall/distributive-property-algebra.html?utm_source=pinterest&utm_medium=social&utm_campaign=2026-09&utm_content=ww-distributive-property-algebra,2026-10-10T02:15:00,"distributive property definition, algebra 1 math vocabulary, math word wall"
Point: Geometry Math Vocabulary Definition and Example,https://www.mathclass678.com/assets/pins/2026-09/ww-point-geometry.jpg,Geometry Math Word Wall | Vocabulary Cards,,"Point definition for Geometry math (HSG-CO.A.1): An exact location in space, named by a capital letter, with no size or dimension. Example: Point A names one exact location — it has no length, width, or height. Key rule: A point has zero dimensions — no length, width, or thickness. The glossary page has more examples, plus the printable Geometry word wall.",https://www.mathclass678.com/word-wall/point-geometry.html?utm_source=pinterest&utm_medium=social&utm_campaign=2026-09&utm_content=ww-point-geometry,2026-10-10T10:30:00,"point definition, geometry math vocabulary, math word wall"
Rational vs Irrational Numbers: 8th Grade Math Worked Example (8.NS.A.1),https://www.mathclass678.com/assets/pins/2026-09/std-8-ns-a-1-rational-vs-irrational-numbers-example-1.jpg,8th Grade Number System | Irrational Numbers 8.NS,,"A step-by-step 8th Grade math example for 8.NS.A.1, Rational vs Irrational Numbers. Problem: Is 0.625 rational? Check the decimal: does it terminate or repeat? It ends after 3 digits (terminates). Terminating decimal → RATIONAL. (= 5/8) Answer: Rational. More worked examples and the common mistakes to watch for are on the page.",https://www.mathclass678.com/standards/8-ns-a-1-rational-vs-irrational-numbers.html?utm_source=pinterest&utm_medium=social&utm_campaign=2026-09&utm_content=std-8-ns-a-1-rational-vs-irrational-numbers-example-1,2026-10-10T20:45:00,"rational vs irrational numbers, 8th grade math, 8.NS.A.1"
Equation: Algebra 1 Math Vocabulary Definition and Example,https://www.mathclass678.com/assets/pins/2026-09/ww-equation-algebra.jpg,Algebra 1 Math Word Wall | Vocabulary Cards,,"Equation definition for Algebra 1 math: An equation is a mathematical statement that two expressions are equal, joined by an equals sign. Example: 2x + 3 = 11 is an equation. Key rule: An equation always contains an equals sign. The glossary page has more examples, plus the printable Algebra 1 word wall.",https://www.mathclass678.com/word-wall/equation-algebra.html?utm_source=pinterest&utm_medium=social&utm_campaign=2026-09&utm_content=ww-equation-algebra,2026-10-11T02:15:00,"equation definition, algebra 1 math vocabulary, math word wall"
Line: Geometry Math Vocabulary Definition and Example,https://www.mathclass678.com/assets/pins/2026-09/ww-line-geometry.jpg,Geometry Math Word Wall | Vocabulary Cards,,"Line definition for Geometry math (HSG-CO.A.1): A straight path of points that extends infinitely in both directions, with no thickness. Example: Line AB extends forever in both directions through points A and B. Key rule: A line has no endpoints — it goes on forever both ways. The glossary page has more examples, plus the printable Geometry word wall.",https://www.mathclass678.com/word-wall/line-geometry.html?utm_source=pinterest&utm_medium=social&utm_campaign=2026-09&utm_content=ww-line-geometry,2026-10-11T10:30:00,"line definition, geometry math vocabulary, math word wall"
Free Year at a Glance: I Can Checklist + CCSS Curriculum Map | 7th Grade Math,https://www.mathclass678.com/assets/pins/2026-09/free-7th-grade-math-year-at-a-glance-free.jpg,Free Middle School Math Resources | Grades 6-8,,A free year at a glance for 7th Grade math (i can checklist + ccss curriculum map). Enter your email on the page and it sends you straight to the free download.,https://www.mathclass678.com/free/7th-grade-math-year-at-a-glance-free.html?utm_source=pinterest&utm_medium=social&utm_campaign=2026-09&utm_content=free-7th-grade-math-year-at-a-glance-free,2026-10-11T20:45:00,"free year at a glance, 7th grade math, free middle school math"
Expression: Algebra 1 Math Vocabulary Definition and Example,https://www.mathclass678.com/assets/pins/2026-09/ww-expression-algebra.jpg,Algebra 1 Math Word Wall | Vocabulary Cards,,"Expression definition for Algebra 1 math: An expression is a combination of numbers, variables, and operations with no equals sign. Example: 3x + 5 is an expression. Key rule: An expression can be simplified or evaluated but never solved. The glossary page has more examples, plus the printable Algebra 1 word wall.",https://www.mathclass678.com/word-wall/expression-algebra.html?utm_source=pinterest&utm_medium=social&utm_campaign=2026-09&utm_content=ww-expression-algebra,2026-10-12T02:15:00,"expression definition, algebra 1 math vocabulary, math word wall"
Dividing Integers: 7th Grade Math Worked Example (7.NS.A.2b),https://www.mathclass678.com/assets/pins/2026-09/std-7-ns-a-2b-dividing-integers-example-1.jpg,7th Grade Integers and Rational Numbers | 7.NS Math,,"A step-by-step 7th Grade math example for 7.NS.A.2b, Dividing Integers. Problem: (−42) ÷ 6 42 ÷ 6 = 7. Signs differ → negative. Check: (−7) × 6 = −42. A: −7. Answer: −7. More worked examples and the common mistakes to watch for are on the page.",https://www.mathclass678.com/standards/7-ns-a-2b-dividing-integers.html?utm_source=pinterest&utm_medium=social&utm_campaign=2026-09&utm_content=std-7-ns-a-2b-dividing-integers-example-1,2026-10-12T10:30:00,"dividing integers, 7th grade math, 7.NS.A.2b"
Inverse Operation: Algebra 1 Math Vocabulary Definition and Example,https://www.mathclass678.com/assets/pins/2026-09/ww-inverse-operation-algebra.jpg,Algebra 1 Math Word Wall | Vocabulary Cards,,"Inverse Operation definition for Algebra 1 math: An inverse operation is an operation that undoes another, such as addition and subtraction, used to solve equations. Example: Undo +5 by subtracting 5. Key rule: Use the inverse operation to isolate the variable. The glossary page has more examples, plus the printable Algebra 1 word wall.",https://www.mathclass678.com/word-wall/inverse-operation-algebra.html?utm_source=pinterest&utm_medium=social&utm_campaign=2026-09&utm_content=ww-inverse-operation-algebra,2026-10-12T20:45:00,"inverse operation definition, algebra 1 math vocabulary, math word wall"
Plane: Geometry Math Vocabulary Definition and Example,https://www.mathclass678.com/assets/pins/2026-09/ww-plane-geometry.jpg,Geometry Math Word Wall | Vocabulary Cards,,"Plane definition for Geometry math (HSG-CO.A.1): A flat, two-dimensional surface that extends without end in every direction. Example: Three points that are not on the same line name exactly one plane, Plane P. Key rule: A plane is perfectly flat and extends infinitely in all directions. The glossary page has more examples, plus the printable Geometry word wall.",https://www.mathclass678.com/word-wall/plane-geometry.html?utm_source=pinterest&utm_medium=social&utm_campaign=2026-09&utm_content=ww-plane-geometry,2026-10-13T02:15:00,"plane definition, geometry math vocabulary, math word wall"
Line Segment: Geometry Math Vocabulary Definition and Example,https://www.mathclass678.com/assets/pins/2026-09/ww-line-segment-geometry.jpg,Geometry Math Word Wall | Vocabulary Cards,,"Line Segment definition for Geometry math (HSG-CO.A.1): A part of a line bounded by two endpoints, having a definite length. Example: Segment AB has two endpoints and a measurable length, such as AB = 6 cm. Key rule: Unlike a line, a segment has two endpoints and a fixed, measurable length. The glossary page has more examples, plus the printable Geometry word wall.",https://www.mathclass678.com/word-wall/line-segment-geometry.html?utm_source=pinterest&utm_medium=social&utm_campaign=2026-09&utm_content=ww-line-segment-geometry,2026-10-13T10:30:00,"line segment definition, geometry math vocabulary, math word wall"
Ray: Geometry Math Vocabulary Definition and Example,https://www.mathclass678.com/assets/pins/2026-09/ww-ray-geometry.jpg,Geometry Math Word Wall | Vocabulary Cards,,"Ray definition for Geometry math (HSG-CO.A.1): A part of a line with one endpoint that extends infinitely in one direction. Example: Ray AB starts at endpoint A, passes through B, and continues forever in one direction. Key rule: A ray has exactly one endpoint and extends forever in only one direction. The glossary page has more examples, plus the printable Geometry word wall.",https://www.mathclass678.com/word-wall/ray-geometry.html?utm_source=pinterest&utm_medium=social&utm_campaign=2026-09&utm_content=ww-ray-geometry,2026-10-13T20:45:00,"ray definition, geometry math vocabulary, math word wall"
Free Middle School Math Word Wall: 80 Vocabulary Cards | Grades 6–8 Math,https://www.mathclass678.com/assets/pins/2026-09/free-middle-school-math-word-wall.jpg,Free Middle School Math Resources | Grades 6-8,,A free middle school math word wall for grades 6–8 math (80 vocabulary cards). Enter your email on the page and it sends you straight to the free download.,https://www.mathclass678.com/free/middle-school-math-word-wall.html?utm_source=pinterest&utm_medium=social&utm_campaign=2026-09&utm_content=free-middle-school-math-word-wall,2026-10-14T02:15:00,"free middle school math word wall, grades 6–8 math, free middle school math"
Angle: Geometry Math Vocabulary Definition and Example,https://www.mathclass678.com/assets/pins/2026-09/ww-angle-geometry.jpg,Geometry Math Word Wall | Vocabulary Cards,,"Angle definition for Geometry math (HSG-CO.A.1): A figure formed by two rays sharing a common endpoint, called the vertex. Example: Angle ABC is formed by rays BA and BC meeting at vertex B. Key rule: The middle letter of an angle's name always names the vertex. The glossary page has more examples, plus the printable Geometry word wall.",https://www.mathclass678.com/word-wall/angle-geometry.html?utm_source=pinterest&utm_medium=social&utm_campaign=2026-09&utm_content=ww-angle-geometry,2026-10-14T10:30:00,"angle definition, geometry math vocabulary, math word wall"
Vertex: Geometry Math Vocabulary Definition and Example,https://www.mathclass678.com/assets/pins/2026-09/ww-vertex-geometry.jpg,Geometry Math Word Wall | Vocabulary Cards,,"Vertex definition for Geometry math (HSG-CO.A.1): The common point where two rays of an angle, or two sides of a polygon, meet. Example: The vertex B is the common endpoint (corner) where the two rays of angle ABC meet. Key rule: The vertex is always the corner point where two rays or sides meet. The glossary page has more examples, plus the printable Geometry word wall.",https://www.mathclass678.com/word-wall/vertex-geometry.html?utm_source=pinterest&utm_medium=social&utm_campaign=2026-09&utm_content=ww-vertex-geometry,2026-10-14T20:45:00,"vertex definition, geometry math vocabulary, math word wall"
Free 3-Day Emergency Math Sub Plan: Middle School | Grades 6–8 Math,https://www.mathclass678.com/assets/pins/2026-09/free-3-day-emergency-math-sub-plan.jpg,Free Middle School Math Resources | Grades 6-8,,A free 3-day emergency math sub plan for grades 6–8 math (middle school). Enter your email on the page and it sends you straight to the free download.,https://www.mathclass678.com/free/3-day-emergency-math-sub-plan.html?utm_source=pinterest&utm_medium=social&utm_campaign=2026-09&utm_content=free-3-day-emergency-math-sub-plan,2026-10-15T02:15:00,"free 3-day emergency math sub plan, grades 6–8 math, free middle school math"
